harry-potter-and-the-order-of-the-phoenix,
the-best-of-me,
star-wars-episode-i---the-phantom-menace,
man-on-wire,
max-steel,
people-places-things,
still-life,
cuban-fury,
harold-kumar-escape-from-guantanamo-bay,
ai-weiwei-the-fake-case,
facing-the-giants,
step-up-2-the-streets,
ninas-heavenly-delights,
it-follows,
the-overnight,
shem,
minions,
wish-i-was-here,
swiss-army-man,
the-water-horse,
the-equalizer,
a-state-of-mind,
april-and-the-extraordinary-world,
mean-girls,
laggies,
the-day-after-tomorrow,
paper-towns,
fist-fight,
brooklyn-castle,
dominion-prequel-to-the-exorcist,
born-on-the-fourth-of-july,
the-tribe,
max-2015,
case-39,
funny-people,
the-game-plan,
hoop-dreams,
the-class,
across-the-universe,
high-school-musical-3-senior-year,
the-woman-in-black,
thunder-and-the-house-of-magic,
the-blackcoats-daughter,
ragnarok,
the-way-he-looks,
devil-in-a-blue-dress,
the-chronicles-of-narnia-prince-caspian,
comic-con-episode-iv-a-fans-hope,
city-of-men,
sing-street,
